Container,Batch Name,Number of Ballots
Absentee by Mail,ICC - Absentee By Mail 1.1 - 1,50
Absentee by Mail,ICC - Absentee By Mail 2 - 1,49
Absentee by Mail,ICC - Absentee By Mail 2 - 2,48
Absentee by Mail,ICC - Absentee By Mail 2 - 3,50
Absentee by Mail,ICC - Absentee By Mail 1.1 - 2,46
Absentee by Mail,ICC - Absentee By Mail 2 - 4,50
Absentee by Mail,ICC - Absentee By Mail 1.1 - 3,50
Absentee by Mail,ICC - Absentee By Mail 1.1 - 4,49
Absentee by Mail,ICC - Absentee By Mail 1.1 - 5,49
Absentee by Mail,ICC - Absentee By Mail 2 - 5,47
Absentee by Mail,ICC - Absentee By Mail 2 - 6,50
Absentee by Mail,ICC - Absentee By Mail 1.1 - 6,47
Absentee by Mail,ICC - Absentee By Mail 1.1 - 7,50
Absentee by Mail,ICC - Absentee By Mail 2 - 7,48
Absentee by Mail,ICC - Absentee By Mail 1.1 - 8,49
Absentee by Mail,ICC - Absentee By Mail 1.1 - 9,47
Absentee by Mail,ICC - Absentee By Mail 2 - 8,48
Absentee by Mail,ICC - Absentee By Mail 1.1 - 10,32
Absentee by Mail,ICC - Absentee By Mail 2 - 9,47
Absentee by Mail,ICC - Absentee By Mail 1.1 - 11,46
Absentee by Mail,ICC - Absentee By Mail 1.1 - 12,18
Absentee by Mail,ICC - Absentee By Mail 2 - 10,45
Absentee by Mail,ICC - Absentee By Mail 1.1 - 13,50
Absentee by Mail,ICC - Absentee By Mail 1.1 - 14,49
Absentee by Mail,ICC - Absentee By Mail 1.1 - 15,33
Absentee by Mail,ICC - Absentee By Mail 1.1 - 16,51
Absentee by Mail,ICC - Absentee By Mail 2 - 11,23
Absentee by Mail,ICC - Absentee By Mail 1.1 - 17,46
Absentee by Mail,ICC - Absentee By Mail 1.1 - 18,47
Absentee by Mail,ICC - Absentee By Mail 2 - 12,50
Absentee by Mail,ICC - Absentee By Mail 1.1 - 19,48
Absentee by Mail,ICC - Absentee By Mail 1.1 - 20,72
Absentee by Mail,ICC - Absentee By Mail 2 - 13,15
Absentee by Mail,ICC - Absentee By Mail 2 - 14,53
Absentee by Mail,ICC - Absentee By Mail 2 - 15,54
Absentee by Mail,ICC - Absentee By Mail 1.1 - 21,37
Absentee by Mail,ICC - Absentee By Mail 1.1 - 22,21
Absentee by Mail,ICC - Absentee By Mail 1.1 - 23,50
Absentee by Mail,ICC - Absentee By Mail 1.1 - 24,46
Absentee by Mail,ICC - Absentee By Mail 1.1 - 25,50
Absentee by Mail,ICC - Absentee By Mail 1.1 - 26,5
Absentee by Mail,ICC - Absentee By Mail 1.1 - 27,31
Absentee by Mail,ICC - Absentee By Mail 1.1 - 28,13
Absentee by Mail,ICC - Absentee By Mail 1.1 - 29,50
Absentee by Mail,ICC - Absentee By Mail 1.1 - 30,47
Absentee by Mail,ICC - Absentee By Mail 1.1 - 31,5
Absentee by Mail,ICC - Absentee By Mail 1.1 - 32,8
Absentee by Mail,ICC - Absentee By Mail 1.1 - 33,1
Absentee by Mail,ICC - Absentee By Mail 1.1 - 34,47
Absentee by Mail,ICC - Absentee By Mail 1.1 - 35,49
Absentee by Mail,ICC - Absentee By Mail 1.1 - 36,60
Absentee by Mail,ICC - Absentee By Mail 1.1 - 37,55
Absentee by Mail,ICC - Absentee By Mail 1.1 - 38,20
Absentee by Mail,ICC - Absentee By Mail 1.1 - 39,49
Absentee by Mail,ICC - Absentee By Mail 1.1 - 40,42
Absentee by Mail,ICC - Absentee By Mail 1.1 - 41,17
Absentee by Mail,ICC - Absentee By Mail 1.1 - 42,7
Absentee by Mail,ICC - Absentee By Mail 1.1 - 43,18
Absentee by Mail,ICC - Absentee By Mail 1.1 - 44,47
Absentee by Mail,ICC - Absentee By Mail 1.1 - 45,17
Absentee by Mail,ICC - Absentee By Mail 1.1 - 46,11
Advance Voting,AV-Welcome All Rec Center ICP 2B - 0,974
Advance Voting,AV-Welcome All Rec Center ICP 1A - 0,183
Advance Voting,AV-Welcome All Rec Center ICP 3B - 0,912
Advance Voting,AV-Wolf Creek Library ICP 1A - 0,423
Advance Voting,AV-Wolf Creek Library ICP 2B - 0,2488
Advance Voting,AV-Wolf Creek Library ICP 3B - 0,2552
Advance Voting,AV-E Lowery Library ICP 1B - 0,469
Advance Voting,AV-E Lowery Library ICP 2A - 0,715
Advance Voting,AV-E Lowery Library ICP 3A - 0,682
Advance Voting,AV-S Fulton Service Ctr ICP 1A - 0,257
Advance Voting,AV-Gladys S Dennard Library ICP 1B - 0,2426
Advance Voting,AV-Gladys S Dennard Library ICP 2B - 0,2398
Advance Voting,AV-N Fulton Svc Center ICP 1A - 0,234
Advance Voting,AV-N Fulton Svc Center ICP 2B - 0,1998
Advance Voting,AV-Gladys S Dennard Library ICP 3A - 0,108
Advance Voting,AV-Fulton Health Human Svcs N ICP 1A - 0,26
Advance Voting,AV-N Fulton Svc Center ICP 3B - 0,2050
Advance Voting,AV-Fulton Health Human Svcs N ICP 2B - 0,523
Advance Voting,AV-Fulton Health Human Svcs N ICP 3B - 0,466
Advance Voting,AV-East Roswell Library ICP 1A - 0,39
Advance Voting,AV-NE Spruill Oaks Library ICP 1A - 0,13
Advance Voting,AV-East Roswell Library ICP 2B - 0,2444
Advance Voting,AV-NE Spruill Oaks Library ICP 2B - 0,1428
Advance Voting,AV-NE Spruill Oaks Library ICP 3B - 0,1214
Advance Voting,AV-East Roswell Library ICP 3B - 0,2388
Advance Voting,AV-Johns Creek Enviro Campus ICP 1A - 0,34
Advance Voting,AV-Johns Creek Enviro Campus ICP 2B - 0,812
Advance Voting,AV-Johns Creek Enviro Campus ICP 3B - 0,886
Advance Voting,AV-Elections Hub ICP 1A - 0,44
Advance Voting,AV-Elections Hub ICP 2B - 0,1595
Advance Voting,AV-Elections Hub ICP 3A - 0,52
Advance Voting,AV-Elections Hub ICP 4B - 0,1212
Advance Voting,AV-Hugh Conley Rec Ctr ICP 1A - 0,207
Advance Voting,AV-Hugh Conley Rec Ctr ICP 2B - 0,1284
Advance Voting,AV-Hugh Conley Rec Ctr ICP 3B - 0,1274
Advance Voting,AV-Flipper Temple AME ICP 1B - 0,64
Advance Voting,AV-Etris-Darnell Comm Rec ICP 3B - 0,676
Advance Voting,AV-Flipper Temple AME ICP 2A - 0,515
Advance Voting,AV-CT Martin Rec Center ICP 1A - 0,2526
Advance Voting,AV-Flipper Temple AME ICP 3A - 0,515
Advance Voting,AV-Fairburn Annex ICP 1A - 0,19
Advance Voting,AV-Fairburn Annex ICP 2B - 0,1298
Advance Voting,AV-CT Martin Rec Center ICP 2B - 0,165
Advance Voting,AV-CT Martin Rec Center ICP 3A - 0,3332
Advance Voting,AV-Fairburn Annex ICP 3B - 0,1298
Advance Voting,AV-Mechanicsville Library ICP 1B - 0,64
Advance Voting,AV-Mechanicsville Library ICP 2A - 0,281
Advance Voting,AV-CT Martin Rec Center ICP 4B - 0,172
Advance Voting,AV-Mechanicsville Library ICP 3A - 0,325
Advance Voting,AV-East Point Library ICP 1A - 0,260
Advance Voting,AV-Metropolitan Library ICP 1B - 0,446
Advance Voting,AV-East Point Library ICP 2B - 0,572
Advance Voting,AV-Metropolitan Library ICP 2A - 0,2230
Advance Voting,AV-East Point Library ICP 3B - 0,572
Advance Voting,AV-Adams Park Library ICP 1B - 0,928
Advance Voting,AV-Metropolitan Library ICP 3A - 0,2242
Advance Voting,AV-Adams Park Library ICP 2A - 0,1699
Advance Voting,AV-Adams Park Library ICP 3A - 0,1423
Advance Voting,AV-Milton Library ICP 1A - 0,10
Advance Voting,AV-Alpharetta Library ICP 1A - 0,88
Advance Voting,AV-Milton Library ICP 2B - 0,2374
Advance Voting,AV-Alpharetta Library ICP 2B - 0,3362
Advance Voting,AV-Milton Library ICP 3B - 0,2598
Advance Voting,AV-Alpharetta Library ICP 3B - 0,2122
Advance Voting,AV-Ocee Library ICP 1A - 0,28
Advance Voting,AV-Buckhead Library ICP 1A - 0,3870
Advance Voting,AV-Ocee Library ICP 2B - 0,2947
Advance Voting,AV-Buckhead Library ICP 2B - 0,1
Advance Voting,AV-Buckhead Library ICP 3A - 0,4885
Advance Voting,AV-Ocee Library ICP 3B - 0,2898
Absentee by Mail,ICC - Absentee By Mail 1.1 - 47,5
Advance Voting,AV-Buckhead Library ICP 4B - 0,347
Absentee by Mail,ICC - Absentee By Mail 1.1 - 48,7
Advance Voting,AV-SW Arts Center ICP 1A - 0,249
Advance Voting,AV-SW Arts Center ICP 2B - 0,915
Advance Voting,AV-SW Arts Center ICP 3B - 0,1154
Advance Voting,AV-SW Arts Center ICP 4A - 0,1205
Advance Voting,AV-Sandy Springs Library ICP 1A - 0,579
Advance Voting,AV-Sandy Springs Library ICP 2B - 0,3926
Advance Voting,AV-Sandy Springs Library ICP 3B - 0,2398
Absentee by Mail,ICC - Absentee By Mail 1.1 - 49,70
Advance Voting,AV-NW Library Scotts Crossing ICP 1B - 0,25
Advance Voting,AV-NW Library Scotts Crossing ICP 2A - 0,705
Advance Voting,AV-NW Library Scotts Crossing ICP 3A - 0,402
Advance Voting,AV-Garner Library ICP 1B - 0,85
Advance Voting,AV-Roswell Library ICP 1A - 0,40
Absentee by Mail,ICC - Absentee By Mail 1.1 - 50,21
Advance Voting,AV-Roswell Library ICP 2B - 0,3144
Advance Voting,AV-Northside Library ICP 1B - 0,203
Advance Voting,AV-Northside Library ICP 2A - 0,1766
Advance Voting,AV-Northside Library ICP 3A - 0,3319
Advance Voting,AV-Garner Library ICP 2B - 0,80
Advance Voting,AV-Garner Library ICP 3A - 0,3972
Election Day,ED-SS11A-B-C-D-SS13A-B ICP 2 - 0,498
Election Day,ED-ML02A-ML02B-ML03A ICP 1 - 0,625
Election Day,ED-SS11A-B-C-D-SS13A-B ICP 1 - 0,630
Election Day,ED-SS08A-B-C-D-E ICP 1 - 0,652
Election Day,ED-ML03-ML07A-B ICP 1 - 0,515
Election Day,ED-ML03-ML07A-B ICP 2 - 0,408
Election Day,ED-AP021-AP022-AP023-AP02B-AP07C ICP 1 - 0,389
Election Day,ED-AP021-AP022-AP023-AP02B-AP07C ICP 2 - 0,486
Election Day,ED-AP04A-B-AP06 ICP 1 - 0,481
Election Day,ED-RW09-RW09A ICP 1 - 0,341
Election Day,ED-RW09-RW09A ICP 2 - 0,641
Election Day,ED-MP01 ICP 1 - 0,163
Election Day,ED-RW01 ICP 1 - 0,706
Election Day,ED-SS02A-B-SS03-3A-SS05-6A-SS18A-B-C ICP 1 - 0,651
Election Day,ED-SS19B-SS20-SS26-SS29C ICP 2 - 0,623
Election Day,ED-SS15A-B-C-SS17 ICP 1 - 0,630
Election Day,ED-SS02A-B-SS03-3A-SS05-6A-SS18A-B-C ICP 2 - 0,431
Election Day,ED-SS19B-SS20-SS26-SS29C ICP 1 - 0,473
Election Day,ED-SS15A-B-C-SS17 ICP 2 - 0,334
Election Day,ED-SS06-SS31 ICP 1 - 0,396
Election Day,ED-EP03A-B-C-EP04C-D ICP 1 - 0,701
Election Day,ED-SS09A-B-SS16 ICP 1 - 0,359
Election Day,ED-SS07A-B-C-D ICP 1 - 0,292
Election Day,ED-11E1-11E2-11E3 ICP 1 - 0,746
Election Day,ED-SS09A-B-SS16 ICP 2 - 0,1045
Election Day,ED-10G-10H1-10H2-10J ICP 1 - 0,581
Election Day,ED-HP01 ICP 1 - 0,747
Election Day,ED-07B-07C ICP 2 - 0,575
Election Day,ED-09K-09K1-09L ICP 1 - 0,609
Election Day,ED-08D ICP 1 - 0,170
Election Day,ED-07B-07C ICP 1 - 0,602
Election Day,ED-07A ICP 1 - 0,422
Election Day,ED-07A1-07D1-07M ICP 1 - 0,582
Election Day,ED-07F-07F1-07J-08G ICP 1 - 0,525
Election Day,ED-07A1-07D1-07M ICP 2 - 0,533
Election Day,ED-07F-07F1-07J-08G ICP 2 - 0,783
Election Day,ED-02A-02W-06E-J-R-06R1 ICP 2.2 - 0,980
Election Day,ED-03P1A-03P2 ICP 1 - 0,558
Election Day,ED-08H-08J-08K ICP 1 - 0,593
Election Day,ED-02A-02W-06E-J-R-06R1 ICP 1.1 - 0,995
Election Day,ED-08H-08J-08K ICP 2 - 0,551
Election Day,ED-08E-08F1-08N1-08N2 ICP 1 - 0,1133
Election Day,ED-08E-08F1-08N1-08N2 ICP 2 - 0,110
Election Day,ED-04X1-04X2-10M ICP 1 - 0,819
Election Day,ED-08F2-09F ICP 1 - 0,648
Election Day,ED-04G-04M-04S-04T ICP 1 - 0,657
Election Day,ED-RW08-RW10-RW16 ICP 1 - 0,435
Election Day,ED-ML01A-ML01B-ML01C ICP 1 - 0,491
Election Day,ED-RW08-RW10-RW16 ICP 2 - 0,671
Election Day,ED-RW02-03-03B-10A-11A ICP 1 - 0,781
Election Day,ED-AP01C-D-JC16 ICP 1 - 0,497
Election Day,ED-07D-07E-07N-08M ICP 2 - 0,472
Election Day,ED-RW02-03-03B-10A-11A ICP 2 - 0,551
Election Day,ED-07D-07E-07N-08M ICP 1 - 0,663
Election Day,ED-10B-10B1-10i ICP 1 - 0,732
Election Day,ED-AP01C-D-JC16 ICP 2 - 0,406
Election Day,ED-03F-06L1-06L2-08L-08P-08P1 ICP 1 - 0,861
Election Day,ED-06i-06N-06Q-07H ICP 2 - 0,537
Election Day,ED-ML05-ML06A-B  ICP 1 - 0,748
Election Day,ED-03F-06L1-06L2-08L-08P-08P1 ICP 2 - 0,583
Election Day,ED-06i-06N-06Q-07H ICP 1 - 0,632
Election Day,ED-03E-G-L-M-N-09G-H ICP 1 - 0,281
Election Day,ED-ML05-ML06A-B  ICP 2 - 0,291
Election Day,ED-08A-08B-08C-08C1 ICP 2 - 0,625
Election Day,ED-03E-G-L-M-N-09G-H ICP 2 - 0,683
Election Day,ED-10A-C-D-D1-D2-10R ICP 1 - 0,375
Election Day,ED-08A-08B-08C-08C1 ICP 1 - 0,645
Election Day,ED-09A-09J ICP 1 - 0,901
Election Day,ED-10A-C-D-D1-D2-10R ICP 2 - 0,472
Election Day,ED-03A-03B-03C-03H-09i ICP 1 - 0,252
Election Day,ED-11C-11C2-11C3-SC14A-SC30A-B ICP 1 - 0,501
Election Day,ED-RW12-RW12A-RW19 ICP 2 - 0,694
Election Day,ED-03A-03B-03C-03H-09i ICP 2 - 0,461
Election Day,ED-RW12-RW12A-RW19 ICP 1 - 0,617
Election Day,ED-09C-10E-10P-FC02 ICP 1 - 0,663
Election Day,ED-03S-09D-09E-10F ICP 2 - 0,510
Election Day,ED-ML04 ICP 1 - 0,422
Election Day,ED-03D-04A-04C-04D ICP 1 - 0,514
Election Day,ED-03S-09D-09E-10F ICP 1 - 0,318
Election Day,ED-10K-11H-11K ICP 1 - 0,584
Election Day,ED-12F-12H1-12H2 ICP 1 - 0,478
Election Day,ED-11G-12i-12L ICP 1 - 0,195
Election Day,ED-CP05B-C-CP06A-B-CP07A-B-C-D ICP 1 - 0,362
Election Day,ED-11J-11M-11M1-11R ICP 2 - 0,281
Election Day,ED-EP01A-B-C-D ICP 1 - 0,375
Election Day,ED-11J-11M-11M1-11R ICP 1 - 0,340
Election Day,ED-11B-11B1-11B3-11N-11P ICP 1 - 0,507
Election Day,ED-11B-11B1-11B3-11N-11P ICP 2 - 0,542
Election Day,ED-EP01A-B-C-D ICP 2 - 0,483
Election Day,ED-JC01-JC01A ICP 1 - 0,455
Election Day,ED-SC23A-B-C-D ICP 1 - 0,684
Election Day,ED-JC01-JC01A ICP 2 - 0,165
Election Day,ED-SC23A-B-C-D ICP 2 - 0,192
Election Day,ED-JC12-13A-13B-14-15 ICP 2 - 0,534
Election Day,ED-01F-01G-12K-12N  ICP 1 - 0,460
Election Day,ED-JC12-13A-13B-14-15 ICP 1 - 0,533
Election Day,ED-04V ICP 1 - 0,227
Election Day,ED-01F-01G-12K-12N  ICP 2 - 0,534
Election Day,ED-JC03A-3B-4A-4B-4C-JC05 ICP 1 - 0,545
Election Day,ED-01A ICP 1 - 0,910
Election Day,ED-01J-12S ICP 1 - 0,607
Election Day,ED-JC03A-3B-4A-4B-4C-JC05 ICP 2 - 0,475
Election Day,ED-02D-02G ICP 2 - 0,824
Election Day,ED-CH01-B-CH02-CH03-CH04A-CH05-A ICP 1 - 0,463
Election Day,ED-SC07A ICP 1 - 0,266
Election Day,ED-02D-02G ICP 1 - 0,700
Election Day,ED-SC07A ICP 2 - 0,528
Election Day,ED-06B-06F ICP 1 - 0,691
Election Day,ED-SS12-SS14 ICP 1 - 0,708
Election Day,ED-SS04-SS04A-SS29A ICP 1 - 0,542
Election Day,ED-FA01A ICP 1 - 0,453
Election Day,ED-EP02A-B-C-D-E ICP 1 - 0,139
Election Day,ED-EP02A-B-C-D-E ICP 2 - 0,738
Election Day,ED-UC02C-D ICP 1 - 0,452
Election Day,ED-AP14-AP14A ICP 1 - 0,405
Election Day,ED-01C-01S ICP 1 - 0,464
Election Day,ED-JC08-JC09-JC10 ICP 1 - 0,526
Election Day,ED-03T-04J ICP 1 - 0,169
Election Day,ED-JC08-JC09-JC10 ICP 2 - 0,438
Election Day,ED-02L2-03i ICP 1 - 0,453
Election Day,ED-RW03A-03C-17 ICP 1 - 0,725
Election Day,ED-02F1-02F2 ICP 1 - 0,590
Election Day,ED-AP01A-AP05-AP12A-B ICP 1 - 0,596
Election Day,ED-AP01A-AP05-AP12A-B ICP 2 - 0,545
Election Day,ED-02J-02K-06G ICP 1 - 0,758
Election Day,ED-AP09A-AP09B ICP 1 - 0,559
Election Day,ED-RW06-07A-07B-13 ICP 1 - 0,629
Election Day,ED-RW06-07A-07B-13 ICP 2 - 0,570
Election Day,ED-06D-06D1-06D2 ICP 1 - 0,1193
Election Day,ED-01P-01T ICP 1 - 0,581
Election Day,ED-02L1-02L1A-02L1B ICP 1 - 0,1033
Election Day,ED-04K-04L ICP 1 - 0,588
Election Day,ED-02L1-02L1A-02L1B ICP 2 - 0,173
Election Day,ED-EP04B-SC08C-SC17A-B-C-D ICP 1 - 0,448
Election Day,ED-01D-04i ICP 1 - 0,336
Election Day,ED-UC02A-E-F-G ICP 1 - 0,661
Election Day,ED-JC07-JC11 ICP 2 - 0,470
Election Day,ED-01B-01E ICP 1 - 0,894
Election Day,ED-JC07-JC11 ICP 1 - 0,373
Election Day,ED-01B-01E ICP 2 - 0,1016
Election Day,ED-02B-02C-04F-05D ICP 1 - 0,692
Election Day,ED-SC01B ICP 1 - 0,387
Election Day,ED-02B-02C-04F-05D ICP 2 - 0,297
Election Day,ED-SC07C-SC211-SC212 ICP 1 - 0,1002
Election Day,ED-04B-04W ICP 1 - 0,153
Election Day,ED-SC11A-11B-SC29A-C ICP 1 - 0,404
Election Day,ED-SC11A-11B-SC29A-C ICP 2 - 0,265
Election Day,ED-12E1-12J-12M ICP 1 - 0,378
Election Day,ED-12E1-12J-12M ICP 2 - 0,441
Election Day,ED-SC20 ICP 1 - 0,419
Election Day,ED-EP04A-SC08J-SC19A-B-C ICP 1 - 0,456
Election Day,ED-FA01C-D ICP 1 - 0,134
Election Day,ED-CP081-083-084-A-SC10 ICP 1 - 0,188
Election Day,ED-RW04-RW20 ICP 1 - 0,1144
Election Day,ED-SC09A-B-C-SC27 ICP 1 - 0,477
Election Day,ED-JC18-JC19-JC19A ICP 1 - 0,519
Election Day,ED-JC18-JC19-JC19A ICP 2 - 0,350
Election Day,ED-SC09A-B-C-SC27 ICP 2 - 0,400
Election Day,ED-SC08A-B-D-E-F-G-i-K-UC01A-B-C-E ICP 2 - 0,554
Election Day,ED-RW21A-SS01-SS01A ICP 1 - 0,718
Election Day,ED-RW21A-SS01-SS01A ICP 2 - 0,376
Election Day,ED-SC08A-B-D-E-F-G-i-K-UC01A-B-C-E ICP 1 - 0,549
Election Day,ED-JC02-JC06 ICP 2 - 0,148
Election Day,ED-SC05B-C-E-H-SC07D-F-SC15A-B ICP 2 - 0,606
Election Day,ED-JC02-JC06 ICP 1 - 0,383
Election Day,ED-SC05B-C-E-H-SC07D-F-SC15A-B ICP 1 - 0,774
Election Day,ED-AP01B-AP07A-AP10-AP12C ICP 1 - 0,506
Election Day,ED-SC05A-SC13-SC13A ICP 1 - 0,732
Election Day,ED-AP01B-AP07A-AP10-AP12C ICP 2 - 0,475
Election Day,ED-SC18A-B-C-D ICP 1 - 0,685
Election Day,ED-12A-12A1-12D-12G ICP 1 - 0,453
Election Day,ED-12A-12A1-12D-12G ICP 2 - 0,534
Election Day,ED-SC05D-G-SC15-SC20A ICP 1 - 0,572
Election Day,ED-01H-02S-05A1-05B-C-K ICP 1.1 - 0,798
Election Day,ED-SC05D-G-SC15-SC20A ICP 2 - 0,574
Election Day,ED-01H-02S-05A1-05B-C-K ICP 2.2 - 0,610
Election Day,ED-FA01B ICP 1 - 0,458
Election Day,ED-FA01B ICP 2 - 0,315
Election Day,ED-SC01A-SC01C-SC01D-SC31 ICP 1 - 0,871
Election Day,ED-02E-05A2 ICP 1 - 0,1259
Election Day,ED-EP03A-B-C-EP04C-D ICP 2 - 0,443
Election Day,"ED-CP011-CP012,CP01B,CP02,CP04A ICP 1 - 0",552
Election Day,ED-SC02-SC02A-SC32 ICP 1 - 0,557
Election Day,ED-SS19A-SS22 ICP 1 - 0,554
Absentee by Mail,ICC - Absentee By Mail 1.1 - 51,12
Absentee by Mail,ICC - Absentee By Mail 1.1 - 53,10
Absentee by Mail,ICC - Absentee By Mail 1.1 - 54,2
Absentee by Mail,ICC - Absentee By Mail 1.1 - 55,5
Election Day,ICC - ED - PA01 - 1,255
Election Day,ICC - ED - PA01 - 2,71
Election Day,ICC - ED - PA01 - 3,65
Absentee by Mail,ICC - Absentee By Mail 1.1 - 56,2
Provisional,ICC - Provisional 3 - 1,259
Provisional,ICC - Provisional 3 - 2,32
Provisional,ICC - Provisional 3 - 3,12
Election Day,ICC - ED-09B-09M-09N ICP 1 - 1,117
Election Day,ICC - ED-09B-09M-09N ICP 1 - 2,67
Election Day,ICC -ED-06D-06D1-06D2 ICP 2 - 1,207
Election Day,ICC -ED-06D-06D1-06D2 ICP 2 - 2,313
Election Day,ICC - ED-09B-09M-09N ICP 2 - 1,90
Election Day,ICC - ED-09B-09M-09N ICP 2 - 2,99
Election Day,ICC -ED-AP03-RW05-RW05A ICP 1 - 1,270
Election Day,ICC -ED-AP03-RW05-RW05A ICP 1 - 2,127
Election Day,ICC - ED-09B-09M-09N ICP 2 - 3,116
Election Day,ICC - ED-09B-09M-09N ICP 2 - 4,125
Election Day,ICC - ED-09B-09M-09N ICP 2 - 5,75
Election Day,ICC - ED-09B-09M-09N ICP 2 - 6,95
Election Day,ICC - ED-09B-09M-09N ICP 2 - 7,104
Election Day,ICC - ED-09B-09M-09N ICP 2 - 8,139
Election Day,ICC - ED-09B-09M-09N ICP 2 - 9,130
Election Day,ICC - ED-09B-09M-09N ICP 2 - 10,102
Election Day,ICC - ED-09B-09M-09N ICP 2 - 11,60
Election Day,ICC -ED-02A1 ICP 1 - 1,242
Advance Voting,ICC - Palmetto Library ICP 1 - 1,2
Advance Voting,ICC - Palmetto Library ICP 1 - 2,1
Advance Voting,ICC - Palmetto Library ICP 1 - 3,1
Advance Voting,ICC - Palmetto Library ICP 1 - 4,11
Advance Voting,ICC - AV-Palmetto Library ICP 2 - 1,333
Advance Voting,ICC - AV-Palmetto Library ICP 2 - 2,407
Advance Voting,ICC - AV-Etris-Darnell Comm Rec ICP 1 - 1,31
Advance Voting,ICC - AV-S Fulton Service Ctr ICP 2 - 1,300
Advance Voting,ICC - AV-S Fulton Service Ctr ICP 3 - 1,174
Advance Voting,ICC - AV-S Fulton Service Ctr ICP 2 - 2,372
Advance Voting,ICC - AV-S Fulton Service Ctr ICP 3 - 2,143
Advance Voting,ICC - AV-S Fulton Service Ctr ICP 2 - 3,285
Advance Voting,ICC - AV-S Fulton Service Ctr ICP 3 - 3,166
Advance Voting,ICC - AV-S Fulton Service Ctr ICP 2 - 4,259
Advance Voting,ICC - AV-S Fulton Service Ctr ICP 3 - 4,184
Advance Voting,ICC - AV-S Fulton Service Ctr ICP 3 - 5,220
Advance Voting,ICC -AV- Roswell Library ICP 3 - 1,261
Advance Voting,ICC - AV-S Fulton Service Ctr ICP 2 - 5,249
Advance Voting,ICC - AV-S Fulton Service Ctr ICP 3 - 6,89
Advance Voting,ICC -AV- Roswell Library ICP 3 - 2,257
Advance Voting,ICC -AV- Roswell Library ICP 3 - 3,280
Advance Voting,ICC - AV-S Fulton Service Ctr ICP 3 - 7,125
Advance Voting,ICC - AV-S Fulton Service Ctr ICP 3 - 8,104
Advance Voting,ICC -AV- Roswell Library ICP 3 - 4,273
Advance Voting,ICC -AV- Roswell Library ICP 3 - 5,295
Advance Voting,ICC - AV-S Fulton Service Ctr ICP 3 - 9,151
Advance Voting,ICC -AV- Roswell Library ICP 3 - 6,257
Advance Voting,ICC - AV-S Fulton Service Ctr ICP 3 - 10,83
Election Day,ICC - ED-UC031-UC033 ICP 1 - 1,255
Advance Voting,ICC - AV-S Fulton Service Ctr ICP 3 - 11,5
Election Day,ICC - ED-UC031-UC033 ICP 1 - 2,196
Advance Voting,ICC - AV-Palmetto Library ICP 3 - 8,142
Advance Voting,ICC - AV-Palmetto Library ICP 3 - 9,61
Advance Voting,ICC -AV- Roswell Library ICP 3 - 7,255
Advance Voting,ICC - AV-Palmetto Library ICP 3 - 10,123
Advance Voting,ICC -AV- Roswell Library ICP 3 - 8,315
Advance Voting,ICC - AV-S Fulton Service Ctr ICP 2 - 6,1
Advance Voting,ICC - AV-Palmetto Library ICP 3 - 11,118
Advance Voting,ICC - AV-Palmetto Library ICP 3 - 12,151
Advance Voting,ICC -AV-Garner Library ICP 4 - 1,308
Advance Voting,ICC - AV-Palmetto Library ICP 3 - 13,88
Advance Voting,ICC - AV-Palmetto Library ICP 3 - 14,40
Advance Voting,ICC -AV-Garner Library ICP 4 - 2,299
Advance Voting,ICC -AV-Garner Library ICP 4 - 3,313
Advance Voting,ICC -AV-Garner Library ICP 4 - 4,328
Advance Voting,ICC -AV-Garner Library ICP 4 - 5,336
Advance Voting,ICC -AV-Garner Library ICP 4 - 6,309
Advance Voting,ICC -AV-Garner Library ICP 4 - 7,309
Advance Voting,ICC -AV-Garner Library ICP 4 - 8,274
Advance Voting,ICC -AV-Garner Library ICP 4 - 9,164
Advance Voting,ICC -AV-Garner Library ICP 4 - 10,310
Advance Voting,ICC -AV-Garner Library ICP 4 - 11,306
Advance Voting,ICC -AV-Garner Library ICP 4 - 12,423
Advance Voting,ICC -AV-Garner Library ICP 4 - 13,291
Advance Voting,ICC -AV Grant Park Rec Ctr ICP 1 - 1,103
Advance Voting,ICC - AV-Grant Park Rec Ctr ICP 3 - 1,291
Advance Voting,ICC -AV-Grant Park Rec Ctr ICP 2 - 1,138
Advance Voting,ICC - AV-Grant Park Rec Ctr ICP 3 - 2,265
Advance Voting,ICC -AV-Grant Park Rec Ctr ICP 2 - 2,65
Advance Voting,ICC - AV-Grant Park Rec Ctr ICP 3 - 3,296
Advance Voting,ICC -AV-Grant Park Rec Ctr ICP 2 - 3,147
Advance Voting,ICC - AV-Grant Park Rec Ctr ICP 3 - 4,296
Advance Voting,ICC -AV-Grant Park Rec Ctr ICP 2 - 4,69
Advance Voting,ICC - AV-Grant Park Rec Ctr ICP 3 - 5,291
Advance Voting,ICC -AV-Grant Park Rec Ctr ICP 2 - 5,120
Advance Voting,ICC -AV-Grant Park Rec Ctr ICP 2 - 6,47
Advance Voting,ICC - AV-Grant Park Rec Ctr ICP 3 - 6,319
Advance Voting,ICC -AV-Grant Park Rec Ctr ICP 2 - 7,204
Advance Voting,ICC - AV-Grant Park Rec Ctr ICP 3 - 7,270
Advance Voting,ICC -AV-Grant Park Rec Ctr ICP 2 - 8,12
Advance Voting,ICC -AV-Grant Park Rec Ctr ICP 2 - 9,144
Advance Voting,ICC -AV-Grant Park Rec Ctr ICP 2 - 10,107
Advance Voting,ICC - AV Etris-Darnell Comm Rec ICP 2 - 1,232
Advance Voting,ICC - AV Etris-Darnell Comm Rec ICP 2 - 2,267
Advance Voting,ICC -AV-Grant Park Rec Ctr ICP 2 - 11,134
Advance Voting,ICC -AV-Grant Park Rec Ctr ICP 2 - 12,77
Advance Voting,ICC -AV-Grant Park Rec Ctr ICP 2 - 13,20
Advance Voting,ICC -AV-Grant Park Rec Ctr ICP 2 - 14,69
Advance Voting,ICC -AV-Grant Park Rec Ctr ICP 2 - 15,124
Advance Voting,ICC -AV-Grant Park Rec Ctr ICP 2 - 16,152
Advance Voting,ICC -AV-Grant Park Rec Ctr ICP 2 - 17,160
Advance Voting,ICC -AV-Grant Park Rec Ctr ICP 2 - 18,112
Advance Voting,ICC -AV-Grant Park Rec Ctr ICP 2 - 19,121
Advance Voting,ICC -AV-Grant Park Rec Ctr ICP 2 - 20,130
Advance Voting,ICC -AV-Grant Park Rec Ctr ICP 2 - 21,40
Advance Voting,ICC -AV Grant Park Rec Ctr ICP 1 - 2,1
Advance Voting,ICC -AV-Grant Park Rec Ctr ICP 2 - 22,2
Advance Voting,ICC - AV-Grant Park Rec Ctr ICP 3 - 8,3
